           YEAR,           JDAY,           FSIN,          FSOUT,           ALBT,           FLIN,          FLOUT,            GTE,          QSENS,           QEVP,          GZERO,             TA,           TCAN,           CMAS,           TSNO,           TPND,          TSOL1,          TSOL2,          TSOL3,             QA,             UV,           PRES,
           1980,              2,   35.92722    ,   29.46313    ,  0.1717868    ,   237.3776    ,   282.4483    ,  -7.499298    ,   45.54106    ,   15.17904    ,  -76.04145    ,  -11.80997    ,  -9.657227    ,   8.772923    ,  -10.27460    ,   0.000000    , -0.4781494    ,   1.549255    ,  0.8774414    ,  0.1735339E-02,  0.5001895    ,   78147.70    ,
           1980,              3,   37.47854    ,   28.74989    ,  0.2245066    ,   222.9905    ,   260.6951    ,  -12.81281    ,   12.93555    ,   1.971327    ,  -23.34248    ,  -12.32147    ,  -12.89221    ,   8.758307    ,  -9.386078    ,   0.000000    ,  -1.690613    ,   2.228821    ,  0.8851624    ,  0.1631318E-02,  0.8320103    ,   77725.09    ,
           1980,              4,   36.90930    ,   28.16116    ,  0.2278487    ,   229.1606    ,   259.5907    ,  -13.06421    ,   15.92886    ,   1.826207    ,  -19.76069    ,  -14.40637    ,  -13.44659    ,   8.789187    ,  -8.885803    ,   0.000000    ,  -2.778259    ,   1.510132    ,  0.8982239    ,  0.1358359E-02,  0.4766770    ,   77790.07    ,
           1980,              5,   31.20474    ,   23.80226    ,  0.2319365    ,   198.3962    ,   233.9964    ,  -19.80667    ,   18.00495    ,   1.816402    ,  -28.10213    ,  -20.01840    ,  -20.48631    ,   8.849753    ,  -12.98526    ,   0.000000    ,  -5.477386    ,  0.5123291    ,  0.9015503    ,  0.7599420E-03,   1.318453    ,   77382.03    ,
           1980,              6,   43.26201    ,   33.23120    ,  0.2234065    ,   160.2619    ,   209.2172    ,  -26.97762    ,   16.54200    ,  0.7204399    ,  -34.96232    ,  -25.35873    ,  -27.79103    ,   8.947473    ,  -19.69118    ,   0.000000    ,  -9.148071    , -0.2418823    ,  0.8983154    ,  0.4708882E-03,  0.6707733    ,   77776.87    ,
