           YEAR,           JDAY,        QOMEAS1,         QOSIM1,        QOMEAS2,         QOSIM2,
           1980,              2,   15.00000    ,   994.2329    ,  -1.000000    ,   438.6546    ,
           1980,              3,   13.30000    ,   540.1058    ,  -1.000000    ,   26.17889    ,
           1980,              4,   11.80000    ,   51.97065    ,  -1.000000    ,  0.6938319    ,
           1980,              5,   12.90000    ,   2.729428    ,  -1.000000    ,  0.3151844    ,
           1980,              6,   13.50000    ,   1.358591    ,  -1.000000    ,  0.3051608    ,
