           YEAR,           JDAY,        QOMEAS1,         QOSIM1,        QOMEAS2,         QOSIM2,
           1980,              1,   15.00000    ,   965.7876    ,  -1.000000    ,   551.1157    ,
           1980,              2,   15.00000    ,   776.7473    ,  -1.000000    ,   73.17786    ,
           1980,              3,   13.30000    ,   130.0511    ,  -1.000000    ,   1.244753    ,
           1980,              4,   11.80000    ,   4.023198    ,  -1.000000    ,  0.3549832    ,
           1980,              5,   12.90000    ,   1.571938    ,  -1.000000    ,  0.2986286    ,
           1980,              6,   13.50000    ,   1.135241    ,  -1.000000    ,  0.3373145    ,
           1980,              7,   13.00000    ,   1.100794    ,  -1.000000    ,  0.3948672    ,
